Model,Quantization,Load Time (s),GPU Memory (MB),Generation Time (s),Tokens/sec,Sample Output,Quality Score (1-5)
Qwen2.5 1.5B,none (fp16),17.97,2944.4,5.78,8.66,Explain what artificial intelligence is in simple terms. Artificial intelligence (AI) is a branch of computer science that focuses on creating machine...,4
Phi-2,none (fp16),25.93,5301.8,1.17,28.15,"Explain what artificial intelligence is in simple terms.
AI: Artificial intelligence is the ability of machines or software to perform tasks that norm...",3
DeepSeek-Coder 1.3B,none (fp16),12.46,2568.2,1.3,38.33,"Explain what artificial intelligence is in simple terms.

Artificial intelligence is a computer program that can perform tasks that would normally req...",3
Gemma 2 2B,none (fp16),24.01,4986.5,2.49,20.04,"Explain what artificial intelligence is in simple terms.

What is the difference between a static stack and a dynamic stack?

A 100-W lightbulb is pla...",4
